date,close,mean,stdDev,zscore,skewness,kurtosis,signal
2024-08-11 11:59:59,238780,238780.0,nan,nan,nan,nan,hold
2024-08-11 11:59:59,238780.0000  ,238780.0000  ,nan          ,nan          ,nan          ,nan          ,hold
2024-08-11 13:59:59,237454,238117.0,937.623591853362,-0.7071067811865476,nan,nan,hold
2024-08-11 13:59:59,237454.0000  ,238117.0000  ,937.6236     ,-0.7071      ,nan          ,nan          ,hold
2024-08-11 15:59:59,235252,237162.0,1782.0336697155865,-1.0718091540351407,nan,nan,hold
2024-08-11 15:59:59,235252.0000  ,237162.0000  ,1782.0337    ,-1.0718      ,nan          ,nan          ,hold
2024-08-11 17:59:59,237202,237172.0,1455.1618466686102,0.020616263454598407,nan,nan,hold
2024-08-11 17:59:59,237202.0000  ,237172.0000  ,1455.1618    ,0.0206       ,nan          ,nan          ,hold
2024-08-11 19:59:59,233829,236503.4,1955.3137344170616,-1.3677600442965814,nan,nan,hold
2024-08-11 19:59:59,233829.0000  ,236503.4000  ,1955.3137    ,-1.3678      ,nan          ,nan          ,hold
2024-08-11 21:59:59,232169,235781.0,2487.9252400343526,-1.4518121131124206,nan,nan,hold
2024-08-11 21:59:59,232169.0000  ,235781.0000  ,2487.9252    ,-1.4518      ,nan          ,nan          ,hold
2024-08-11 23:59:59,229948,234947.7142857143,3165.232835789794,-1.5795723553672643,nan,nan,hold
2024-08-11 23:59:59,229948.0000  ,234947.7143  ,3165.2328    ,-1.5796      ,nan          ,nan          ,hold
2024-08-12 01:59:59,229324,234244.75,3541.288819060089,-1.3895364799152532,nan,nan,hold
2024-08-12 01:59:59,229324.0000  ,234244.7500  ,3541.2888    ,-1.3895      ,nan          ,nan          ,hold
2024-08-12 03:59:59,228591,233616.55555555556,3811.1402529660045,-1.3186488090131145,nan,nan,hold
2024-08-12 03:59:59,228591.0000  ,233616.5556  ,3811.1403    ,-1.3186      ,nan          ,nan          ,hold
2024-08-12 05:59:59,229800,233234.9,3790.453020418536,-0.9061977503735734,nan,nan,hold
2024-08-12 05:59:59,229800.0000  ,233234.9000  ,3790.4530    ,-0.9062      ,nan          ,nan          ,hold
2024-08-12 07:59:59,230941,233026.36363636365,3661.8495674379433,-0.5694836988682461,nan,nan,hold
2024-08-12 07:59:59,230941.0000  ,233026.3636  ,3661.8496    ,-0.5695      ,nan          ,nan          ,hold
2024-08-12 09:59:59,233593,233073.58333333334,3495.2661872448243,0.14860575385135172,nan,nan,hold
2024-08-12 09:59:59,233593.0000  ,233073.5833  ,3495.2662    ,0.1486       ,nan          ,nan          ,hold
2024-08-12 11:59:59,240563,233649.6923076923,3938.7221359347745,1.7552158933056994,nan,nan,hold
2024-08-12 11:59:59,240563.0000  ,233649.6923  ,3938.7221    ,1.7552       ,nan          ,nan          ,hold
2024-08-12 13:59:59,235332,233769.85714285713,3810.818503986998,0.4099231846146718,nan,nan,hold
2024-08-12 13:59:59,235332.0000  ,233769.8571  ,3810.8185    ,0.4099       ,nan          ,nan          ,hold
2024-08-12 15:59:59,241970,234316.53333333333,4238.850161923412,1.8055525376707,nan,nan,hold
2024-08-12 15:59:59,241970.0000  ,234316.5333  ,4238.8502    ,1.8056       ,nan          ,nan          ,hold
2024-08-12 17:59:59,238842,234599.375,4248.527335049959,0.9986107338885958,nan,nan,hold
2024-08-12 17:59:59,238842.0000  ,234599.3750  ,4248.5273    ,0.9986       ,nan          ,nan          ,hold
2024-08-12 19:59:59,239383,234880.76470588235,4274.099123344768,1.053376434235421,nan,nan,hold
2024-08-12 19:59:59,239383.0000  ,234880.7647  ,4274.0991    ,1.0534       ,nan          ,nan          ,hold
2024-08-12 21:59:59,241403,235243.11111111112,4422.289916386669,1.3929183760801354,nan,nan,hold
2024-08-12 21:59:59,241403.0000  ,235243.1111  ,4422.2899    ,1.3929       ,nan          ,nan          ,hold
2024-08-12 23:59:59,245010,235757.15789473685,4846.731421657721,1.9090890953677828,nan,nan,hold
2024-08-12 23:59:59,245010.0000  ,235757.1579  ,4846.7314    ,1.9091       ,nan          ,nan          ,hold
2024-08-13 01:59:59,245882,236263.4,5232.596742888208,1.8382077719008172,nan,nan,hold
2024-08-13 01:59:59,245882.0000  ,236263.4000  ,5232.5967    ,1.8382       ,nan          ,nan          ,hold
2024-08-13 03:59:59,239069,236397.0,5136.720101387661,0.520176289005541,0.24333052026693638,-0.20092512073281155,hold
2024-08-13 03:59:59,239069.0000  ,236397.0000  ,5136.7201    ,0.5202       ,0.2433       ,-0.2009      ,hold
2024-08-13 05:59:59,238704,236501.86363636365,5036.997388802703,0.4371922781877403,0.20699926132040908,-0.17307978666908141,hold
2024-08-13 05:59:59,238704.0000  ,236501.8636  ,5036.9974    ,0.4372       ,0.2070       ,-0.1731      ,hold
2024-08-13 07:59:59,238359,236582.60869565216,4936.400959285023,0.35985555448176704,0.14694542552567638,-0.07253689931340013,hold
2024-08-13 07:59:59,238359.0000  ,236582.6087  ,4936.4010    ,0.3599       ,0.1469       ,-0.0725      ,hold
2024-08-13 09:59:59,237751,236631.29166666666,4833.7826351011945,0.2316422598737525,0.25709539793080805,0.03107788594604033,hold
2024-08-13 09:59:59,237751.0000  ,236631.2917  ,4833.7826    ,0.2316       ,0.2571       ,0.0311       ,hold
2024-08-13 11:59:59,237917,236595.33333333334,4820.294602819527,0.2741879440093924,0.17501241877889545,0.27858632036829567,hold
2024-08-13 11:59:59,237917.0000  ,236595.3333  ,4820.2946    ,0.2742       ,0.1750       ,0.2786       ,hold
2024-08-13 13:59:59,240264,236712.41666666666,4875.864801034896,0.728400699826526,0.01278242600745536,0.25538385721089707,hold
2024-08-13 13:59:59,240264.0000  ,236712.4167  ,4875.8648    ,0.7284       ,0.0128       ,0.2554       ,hold
2024-08-13 15:59:59,238612,236852.41666666666,4880.344445405175,0.3605449068231206,-0.0003465987533602204,0.33517046516266413,hold
2024-08-13 15:59:59,238612.0000  ,236852.4167  ,4880.3444    ,0.3605       ,-0.0003      ,0.3352       ,hold
2024-08-13 17:59:59,244168,237142.66666666666,5104.057181316151,1.3764213612359577,-0.10578926648501072,-0.04902795128680015,hold
2024-08-13 17:59:59,244168.0000  ,237142.6667  ,5104.0572    ,1.3764       ,-0.1058      ,-0.0490      ,hold
2024-08-13 19:59:59,243948,237564.29166666666,5234.700045218049,1.219498400708733,-0.1275228401479608,-0.011265689207883067,hold
2024-08-13 19:59:59,243948.0000  ,237564.2917  ,5234.7000    ,1.2195       ,-0.1275      ,-0.0113      ,hold
2024-08-13 21:59:59,245695,238127.875,5355.306846342077,1.413014271099834,-0.14588302360004587,-0.022936955509799795,hold
2024-08-13 21:59:59,245695.0000  ,238127.8750  ,5355.3068    ,1.4130       ,-0.1459      ,-0.0229      ,hold
2024-08-13 23:59:59,243131,238677.16666666666,5152.052167460259,0.8644775302282881,-0.021459617225474854,-0.24800409629267461,hold
2024-08-13 23:59:59,243131.0000  ,238677.1667  ,5152.0522    ,0.8645       ,-0.0215      ,-0.2480      ,hold
2024-08-14 01:59:59,242064,239208.0,4790.070581308079,0.596233385609128,0.1255008700011853,-0.18982788477654822,hold
2024-08-14 01:59:59,242064.0000  ,239208.0000  ,4790.0706    ,0.5962       ,0.1255       ,-0.1898      ,hold
2024-08-14 03:59:59,243745,239839.41666666666,4303.815515650469,0.9074699691775849,-0.04937992729760808,0.13795951770022263,hold
2024-08-14 03:59:59,243745.0000  ,239839.4167  ,4303.8155    ,0.9075       ,-0.0494      ,0.1380       ,hold
2024-08-14 05:59:59,245084,240476.25,3861.7829318908625,1.1931664936288602,-0.07642429815758432,0.7152723843221689,hold
2024-08-14 05:59:59,245084.0000  ,240476.2500  ,3861.7829    ,1.1932       ,-0.0764      ,0.7153       ,hold
2024-08-14 07:59:59,245508,241083.20833333334,3417.114241186413,1.2948913481834254,-0.5090904755879849,1.2550380585151153,hold
2024-08-14 07:59:59,245508.0000  ,241083.2083  ,3417.1142    ,1.2949       ,-0.5091      ,1.2550       ,hold
2024-08-14 09:59:59,244828,241551.33333333334,3101.361996266198,1.056525059187387,-0.6057492355741634,1.9856033356283112,hold
2024-08-14 09:59:59,244828.0000  ,241551.3333  ,3101.3620    ,1.0565       ,-0.6057      ,1.9856       ,hold
2024-08-14 11:59:59,247509,241840.75,3321.4125105469248,1.7065781446902029,-0.6532128297084988,1.7135451250288947,hold
2024-08-14 11:59:59,247509.0000  ,241840.7500  ,3321.4125    ,1.7066       ,-0.6532      ,1.7135       ,hold
2024-08-14 13:59:59,239331,242007.375,3071.6066439243573,-0.8713273899487989,-0.9085376909406038,1.1841983322915786,hold
2024-08-14 13:59:59,239331.0000  ,242007.3750  ,3071.6066    ,-0.8713      ,-0.9085      ,1.1842       ,hold
2024-08-14 15:59:59,240695,241954.25,3083.2848554747984,-0.4084118266802458,-0.9809103758994884,1.4920795010026646,hold
2024-08-14 15:59:59,240695.0000  ,241954.2500  ,3083.2849    ,-0.4084      ,-0.9809      ,1.4921       ,hold
2024-08-14 17:59:59,239163,241967.625,3069.8642486981457,-0.9135990300513688,-0.8626475343179976,1.322958505867514,hold
2024-08-14 17:59:59,239163.0000  ,241967.6250  ,3069.8642    ,-0.9136      ,-0.8626      ,1.3230       ,hold
2024-08-14 19:59:59,240132,241998.83333333334,3046.1621422868648,-0.6128476575222104,-0.9859114075343698,3.0653326351180423,hold
2024-08-14 19:59:59,240132.0000  ,241998.8333  ,3046.1621    ,-0.6128      ,-0.9859      ,3.0653       ,hold
2024-08-14 21:59:59,239634,241925.125,3082.3933150902867,-0.7432941762439847,-0.97702976326665,3.0432583903601422,hold
2024-08-14 21:59:59,239634.0000  ,241925.1250  ,3082.3933    ,-0.7433      ,-0.9770      ,3.0433       ,hold
2024-08-14 23:59:59,239406,241691.625,3050.640842333502,-0.7492278239649068,-0.9847897301682816,3.060036580875855,hold
2024-08-14 23:59:59,239406.0000  ,241691.6250  ,3050.6408    ,-0.7492      ,-0.9848      ,3.0600       ,hold
2024-08-15 01:59:59,237889,241358.58333333334,3009.305364259749,-1.1529515663448853,-0.9202729682452292,2.8172914960024977,hold
2024-08-15 01:59:59,237889.0000  ,241358.5833  ,3009.3054    ,-1.1530      ,-0.9203      ,2.8173       ,hold
2024-08-15 03:59:59,238661,241341.58333333334,3023.918849794932,-0.8864600759756259,-0.9490167725496093,2.8151974776994564,hold
2024-08-15 03:59:59,238661.0000  ,241341.5833  ,3023.9188    ,-0.8865      ,-0.9490      ,2.8152       ,hold
2024-08-15 05:59:59,237181,241278.125,3096.7789761579825,-1.3230279046530782,-0.8114411447590595,2.8477084041594187,hold
2024-08-15 05:59:59,237181.0000  ,241278.1250  ,3096.7790    ,-1.3230      ,-0.8114      ,2.8477       ,hold
2024-08-15 07:59:59,235231,241147.79166666666,3285.0760560207327,-1.8011125361382851,-0.7906156280198461,2.738784655073937,hold
2024-08-15 07:59:59,235231.0000  ,241147.7917  ,3285.0761    ,-1.8011      ,-0.7906      ,2.7388       ,hold
2024-08-15 09:59:59,235989,241074.375,3382.533431982365,-1.5034219475606687,-1.7824942113961757,4.189540491457156,buy
2024-08-15 09:59:59,235989.0000  ,241074.3750  ,3382.5334    ,-1.5034      ,-1.7825      ,4.1895       ,buy
2024-08-15 11:59:59,237248,241046.5,3412.309723951512,-1.1131756221710358,-1.7907573822062184,4.058960330050301,buy
2024-08-15 11:59:59,237248.0000  ,241046.5000  ,3412.3097    ,-1.1132      ,-1.7908      ,4.0590       ,buy
2024-08-15 13:59:59,239589,241018.375,3421.8082025443982,-0.41772504926989806,-1.7075874693132789,3.8091921149484493,hold
2024-08-15 13:59:59,239589.0000  ,241018.3750  ,3421.8082    ,-0.4177      ,-1.7076      ,3.8092       ,hold
2024-08-15 15:59:59,240015,241076.83333333334,3390.753701858453,-0.3131555479099995,-1.981995746926174,4.94282685924096,hold
2024-08-15 15:59:59,240015.0000  ,241076.8333  ,3390.7537    ,-0.3132      ,-1.9820      ,4.9428       ,hold
2024-08-15 17:59:59,235239,240704.79166666666,3524.071706065703,-1.5509876422942321,-1.6153580852235638,2.616285455733685,hold
2024-08-15 17:59:59,235239.0000  ,240704.7917  ,3524.0717    ,-1.5510      ,-1.6154      ,2.6163       ,hold
2024-08-15 19:59:59,229304,240094.625,4150.239603481268,-2.6000004893569764,-1.2729330166895478,0.9470916598477741,hold
2024-08-15 19:59:59,229304.0000  ,240094.6250  ,4150.2396    ,-2.6000      ,-1.2729      ,0.9471       ,hold
2024-08-15 21:59:59,231321,239495.70833333334,4339.73906728289,-1.8836866011051507,-1.2322399015322436,0.8588874736487506,hold
2024-08-15 21:59:59,231321.0000  ,239495.7083  ,4339.7391    ,-1.8837      ,-1.2322      ,0.8589       ,hold
2024-08-15 23:59:59,231183,238997.875,4583.070788593682,-1.7051613122471536,-1.2158627504174027,0.8555975394699553,hold
2024-08-15 23:59:59,231183.0000  ,238997.8750  ,4583.0708    ,-1.7052      ,-1.2159      ,0.8556       ,hold
2024-08-16 01:59:59,231495,238557.5,4779.221593887236,-1.4777511067980493,-1.255297858331581,0.8935357777872222,hold
2024-08-16 01:59:59,231495.0000  ,238557.5000  ,4779.2216    ,-1.4778      ,-1.2553      ,0.8935       ,hold
2024-08-16 03:59:59,232081,238071.5,4821.637147547338,-1.24242032668245,-1.361691362981635,1.1031301600162715,hold
2024-08-16 03:59:59,232081.0000  ,238071.5000  ,4821.6371    ,-1.2424      ,-1.3617      ,1.1031       ,hold
2024-08-16 05:59:59,233585,237592.375,4663.234171711416,-0.8593552998710519,-1.311513392742006,1.2756934598967016,hold
2024-08-16 05:59:59,233585.0000  ,237592.3750  ,4663.2342    ,-0.8594      ,-1.3115      ,1.2757       ,hold
2024-08-16 07:59:59,235511,237175.83333333334,4362.205033423212,-0.38164949161660017,-1.2663334365746384,1.171425437951374,hold
2024-08-16 07:59:59,235511.0000  ,237175.8333  ,4362.2050    ,-0.3816      ,-1.2663      ,1.1714       ,hold
2024-08-16 09:59:59,236348,236822.5,4047.5249549408777,-0.11723213699294685,-1.4319691268520236,1.5366251918126084,hold
2024-08-16 09:59:59,236348.0000  ,236822.5000  ,4047.5250    ,-0.1172      ,-1.4320      ,1.5366       ,hold
2024-08-16 11:59:59,235004,236301.45833333334,3358.225294500465,-0.386352379472009,-1.2824828128053305,1.234455492831417,hold
2024-08-16 11:59:59,235004.0000  ,236301.4583  ,3358.2253    ,-0.3864      ,-1.2825      ,1.2345       ,hold
2024-08-16 13:59:59,233364,236052.83333333334,3345.038943903554,-0.8038272135019032,-1.174784667450058,0.9360135811487287,hold
2024-08-16 13:59:59,233364.0000  ,236052.8333  ,3345.0389    ,-0.8038      ,-1.1748      ,0.9360       ,hold
2024-08-16 15:59:59,231129,235654.25,3337.7624795010047,-1.3557735242672284,-1.0016674581424767,0.4634763646640736,hold
2024-08-16 15:59:59,231129.0000  ,235654.2500  ,3337.7625    ,-1.3558      ,-1.0017      ,0.4635       ,hold
2024-08-16 17:59:59,235017,235481.5,3254.519813642369,-0.14272458814135913,-0.799319989809056,0.40514733717345086,hold
2024-08-16 17:59:59,235017.0000  ,235481.5000  ,3254.5198    ,-0.1427      ,-0.7993      ,0.4051       ,hold
2024-08-16 19:59:59,235827,235302.125,3102.1289507648366,0.16919831777805075,-0.8009350660137142,0.4031750963347003,hold
2024-08-16 19:59:59,235827.0000  ,235302.1250  ,3102.1290    ,0.1692       ,-0.8009      ,0.4032       ,hold
2024-08-16 21:59:59,234108,235071.875,2968.839069144312,-0.3246639435655942,-0.7827164961348775,0.34479540173439105,hold
2024-08-16 21:59:59,234108.0000  ,235071.8750  ,2968.8391    ,-0.3247      ,-0.7827      ,0.3448       ,hold
2024-08-16 23:59:59,233341,234819.16666666666,2839.1727004864965,-0.520632882393301,-0.868237860245518,0.5957439661951414,hold
2024-08-16 23:59:59,233341.0000  ,234819.1667  ,2839.1727    ,-0.5206      ,-0.8682      ,0.5957       ,hold
2024-08-17 01:59:59,234275,234668.58333333334,2764.1239655812856,-0.14238989938013646,-0.8740400214699763,0.5875632794784571,hold
2024-08-17 01:59:59,234275.0000  ,234668.5833  ,2764.1240    ,-0.1424      ,-0.8740      ,0.5876       ,hold
2024-08-17 03:59:59,233621,234458.58333333334,2636.1072241281827,-0.31773492582812135,-0.7794412124664353,0.552673841601024,hold
2024-08-17 03:59:59,233621.0000  ,234458.5833  ,2636.1072    ,-0.3177      ,-0.7794      ,0.5527       ,hold
2024-08-17 05:59:59,233991,234325.66666666666,2572.526142456577,-0.13009262030164423,-0.7914147491267551,0.777155769352293,hold
2024-08-17 05:59:59,233991.0000  ,234325.6667  ,2572.5261    ,-0.1301      ,-0.7914      ,0.7772       ,hold
2024-08-17 07:59:59,233908,234270.54166666666,2566.450551436816,-0.1412618943558798,-0.7643018842628829,0.7759889167418343,hold
2024-08-17 07:59:59,233908.0000  ,234270.5417  ,2566.4506    ,-0.1413      ,-0.7643      ,0.7760       ,hold
2024-08-17 09:59:59,234341,234201.875,2540.387480073141,0.05476526753942057,-0.9158510279797525,2.120836605356687,hold
2024-08-17 09:59:59,234341.0000  ,234201.8750  ,2540.3875    ,0.0548       ,-0.9159      ,2.1208       ,hold
2024-08-17 11:59:59,233820,234059.04166666666,2456.6625908219953,-0.09730341788070865,0.5005368772229574,0.30369095748909114,hold
2024-08-17 11:59:59,233820.0000  ,234059.0417  ,2456.6626    ,-0.0973      ,0.5005       ,0.3037       ,hold
2024-08-17 13:59:59,234289,233838.20833333334,2158.0125715707213,0.20889204845481774,0.6264273873923232,0.8931680675364482,hold
2024-08-17 13:59:59,234289.0000  ,233838.2083  ,2158.0126    ,0.2089       ,0.6264       ,0.8932       ,hold
2024-08-17 15:59:59,234594,233612.33333333334,1723.3109857545987,0.5696398820534457,0.5803530502237112,0.8690040838338184,hold
2024-08-17 15:59:59,234594.0000  ,233612.3333  ,1723.3110    ,0.5696       ,0.5804       ,0.8690       ,hold
2024-08-17 17:59:59,235359,233617.33333333334,1728.4023451343628,1.0076743251185898,0.528408979832717,0.7711696714767702,hold
2024-08-17 17:59:59,235359.0000  ,233617.3333  ,1728.4023    ,1.0077       ,0.5284       ,0.7712       ,hold
2024-08-17 19:59:59,235337,233868.70833333334,1497.0330215973627,0.9808011216078333,0.5964671240781915,0.8460669166238879,hold
2024-08-17 19:59:59,235337.0000  ,233868.7083  ,1497.0330    ,0.9808       ,0.5965       ,0.8461       ,hold
2024-08-17 21:59:59,234622,234006.25,1401.3671352737656,0.4393923508700734,0.8124439630119257,1.308564752149345,hold
2024-08-17 21:59:59,234622.0000  ,234006.2500  ,1401.3671    ,0.4394       ,0.8124       ,1.3086       ,hold
2024-08-17 23:59:59,235263,234176.25,1286.774979483752,0.8445532570395478,0.936145069008587,2.140059412951606,hold
2024-08-17 23:59:59,235263.0000  ,234176.2500  ,1286.7750    ,0.8446       ,0.9361       ,2.1401       ,hold
2024-08-18 01:59:59,234644,234307.45833333334,1155.3219005281221,0.2912968814257019,1.1048066011103812,2.501655220580629,hold
2024-08-18 01:59:59,234644.0000  ,234307.4583  ,1155.3219    ,0.2913       ,1.1048       ,2.5017       ,hold
2024-08-18 03:59:59,234486,234407.66666666666,1053.6363396500842,0.07434570200887126,1.1005481246294888,2.816384650012581,hold
2024-08-18 03:59:59,234486.0000  ,234407.6667  ,1053.6363    ,0.0743       ,1.1005       ,2.8164       ,hold
2024-08-18 05:59:59,234129,234430.33333333334,1040.9440392033428,-0.2894808193185486,1.2101089988318479,3.459891495733439,hold
2024-08-18 05:59:59,234129.0000  ,234430.3333  ,1040.9440    ,-0.2895      ,1.2101       ,3.4599       ,hold
2024-08-18 07:59:59,234709,234396.91666666666,1017.3494511702669,0.3067611949604441,1.7211994067697254,4.733958493043711,hold
2024-08-18 07:59:59,234709.0000  ,234396.9167  ,1017.3495    ,0.3068       ,1.7212       ,4.7340       ,hold
2024-08-18 09:59:59,237978,234464.83333333334,1192.5807844903356,2.945852148848812,1.2050478119872972,3.0701739864171875,sell
2024-08-18 09:59:59,237978.0000  ,234464.8333  ,1192.5808    ,2.9459       ,1.2050       ,3.0702       ,sell
2024-08-18 11:59:59,238306,234602.41666666666,1425.257960378598,2.5985354485229766,1.3055526219318805,3.461872943156772,sell
2024-08-18 11:59:59,238306.0000  ,234602.4167  ,1425.2580    ,2.5985       ,1.3056       ,3.4619       ,sell
2024-08-18 13:59:59,239453,234856.125,1708.9399030951054,2.6898985690921493,1.6891392228980886,3.857138317517813,sell
2024-08-18 13:59:59,239453.0000  ,234856.1250  ,1708.9399    ,2.6899       ,1.6891       ,3.8571       ,sell
2024-08-18 15:59:59,240493,235246.29166666666,1881.261336332396,2.7889311452932097,1.6087920966616926,3.6763468954954517,sell
2024-08-18 15:59:59,240493.0000  ,235246.2917  ,1881.2613    ,2.7889       ,1.6088       ,3.6763       ,sell
2024-08-18 17:59:59,238558,235393.83333333334,1997.7455699658778,1.583868693910157,0.9409712458330365,2.802658646316705,hold
2024-08-18 17:59:59,238558.0000  ,235393.8333  ,1997.7456    ,1.5839       ,0.9410       ,2.8027       ,hold
2024-08-18 19:59:59,240109,235572.25,2217.263222004017,2.0461034824271223,0.7074519323278047,2.1328637059024196,hold
2024-08-18 19:59:59,240109.0000  ,235572.2500  ,2217.2632    ,2.0461       ,0.7075       ,2.1329       ,hold
2024-08-18 21:59:59,237872,235729.08333333334,2242.1689211595904,0.9557338193584439,0.28815490029258134,1.270809162509968,hold
2024-08-18 21:59:59,237872.0000  ,235729.0833  ,2242.1689    ,0.9557       ,0.2882       ,1.2708       ,hold
2024-08-18 23:59:59,235035,235799.66666666666,2189.7750066410053,-0.34919873701527615,-0.0882122376026992,0.6666325492735012,hold
2024-08-18 23:59:59,235035.0000  ,235799.6667  ,2189.7750    ,-0.3492      ,-0.0882      ,0.6666       ,hold
2024-08-19 01:59:59,236762,235903.29166666666,2173.2703963334116,0.39512263857368835,-0.13153996126505307,0.3041276874845784,hold
2024-08-19 01:59:59,236762.0000  ,235903.2917  ,2173.2704    ,0.3951       ,-0.1315      ,0.3041       ,hold
2024-08-19 03:59:59,237897,236081.45833333334,2153.2137150166272,0.8431776437261999,-0.28479434156490996,0.2845083759818783,hold
2024-08-19 03:59:59,237897.0000  ,236081.4583  ,2153.2137    ,0.8432       ,-0.2848      ,0.2845       ,hold
2024-08-19 05:59:59,236269,236176.375,2106.7645668695072,0.04396552014240193,-0.13807488558397954,-0.12379506292613884,hold
2024-08-19 05:59:59,236269.0000  ,236176.3750  ,2106.7646    ,0.0440       ,-0.1381      ,-0.1238      ,hold
2024-08-19 07:59:59,235189,236229.75,2062.5598331240867,-0.5045914224091199,-0.01599230840701325,-0.28718230696313185,hold
2024-08-19 07:59:59,235189.0000  ,236229.7500  ,2062.5598    ,-0.5046      ,-0.0160      ,-0.2872      ,hold
2024-08-19 09:59:59,232084,236135.70833333334,2199.3391789978277,-1.8422389652420887,-0.033780898085004916,-0.4784067392401141,hold
2024-08-19 09:59:59,232084.0000  ,236135.7083  ,2199.3392    ,-1.8422      ,-0.0338      ,-0.4784      ,hold
2024-08-19 11:59:59,232789,236092.75,2255.879241487317,-1.4645065831723398,-0.09392753231886859,-0.5384357896631808,hold
2024-08-19 11:59:59,232789.0000  ,236092.7500  ,2255.8792    ,-1.4645      ,-0.0939      ,-0.5384      ,hold
2024-08-19 13:59:59,231177,235963.08333333334,2445.5314869415765,-1.95707287307059,-0.041883868951943175,-0.6827485948474523,hold
2024-08-19 13:59:59,231177.0000  ,235963.0833  ,2445.5315    ,-1.9571      ,-0.0419      ,-0.6827      ,hold
2024-08-19 15:59:59,232494,235875.58333333334,2532.6627835860454,-1.3351889383968025,-0.07135797192650563,-0.7804749210096453,hold
2024-08-19 15:59:59,232494.0000  ,235875.5833  ,2532.6628    ,-1.3352      ,-0.0714      ,-0.7805      ,hold
2024-08-19 17:59:59,234503,235839.91666666666,2546.24492344009,-0.5250542296066409,-0.19465728195205423,-0.9280767534709602,hold
2024-08-19 17:59:59,234503.0000  ,235839.9167  ,2546.2449    ,-0.5251      ,-0.1947      ,-0.9281      ,hold
2024-08-19 19:59:59,234593,235808.91666666666,2557.1397560328146,-0.4754987144515904,-0.21643089298018925,-0.9207460938319616,hold
2024-08-19 19:59:59,234593.0000  ,235808.9167  ,2557.1398    ,-0.4755      ,-0.2164      ,-0.9207      ,hold
2024-08-19 21:59:59,235284,235836.5,2547.33169858348,-0.21689362257268427,-0.3029704219906482,-0.9072742637639508,hold
2024-08-19 21:59:59,235284.0000  ,235836.5000  ,2547.3317    ,-0.2169      ,-0.3030      ,-0.9073      ,hold
2024-08-19 23:59:59,237211,235917.66666666666,2559.2705086081414,0.5053523373098696,-0.3374089821442898,-1.006595239829279,hold
2024-08-19 23:59:59,237211.0000  ,235917.6667  ,2559.2705    ,0.5054       ,-0.3374      ,-1.0066      ,hold
2024-08-20 01:59:59,238581,236081.70833333334,2599.934722912339,0.9612901603418158,-0.5772139865889351,-1.1369692984872488,hold
2024-08-20 01:59:59,238581.0000  ,236081.7083  ,2599.9347    ,0.9613       ,-0.5772      ,-1.1370      ,hold
2024-08-20 03:59:59,239670,236297.70833333334,2675.833888377199,1.260276910803247,-0.6178708237699578,-1.1415530049795761,hold
2024-08-20 03:59:59,239670.0000  ,236297.7083  ,2675.8339    ,1.2603       ,-0.6179      ,-1.1416      ,hold
2024-08-20 05:59:59,241558,236607.25,2838.7825659111572,1.7439694252916371,-0.6028254867093275,-1.1681660798120597,hold
2024-08-20 05:59:59,241558.0000  ,236607.2500  ,2838.7826    ,1.7440       ,-0.6028      ,-1.1682      ,hold
2024-08-20 07:59:59,240770,236859.79166666666,2930.6793095763783,1.3342327563975442,-0.46175841627703446,-1.269457377528582,hold
2024-08-20 07:59:59,240770.0000  ,236859.7917  ,2930.6793    ,1.3342       ,-0.4618      ,-1.2695      ,hold
2024-08-20 09:59:59,239498,236923.125,2972.0272295623795,0.8663699223170109,-0.49218385612575016,-1.1710585061920105,hold
2024-08-20 09:59:59,239498.0000  ,236923.1250  ,2972.0272    ,0.8664       ,-0.4922      ,-1.1711      ,hold
2024-08-20 11:59:59,237775,236901.0,2963.248467182635,0.29494657963359117,-0.2887858574721004,-1.3331462410057648,hold
2024-08-20 11:59:59,237775.0000  ,236901.0000  ,2963.2485    ,0.2949       ,-0.2888      ,-1.3331      ,hold
2024-08-20 13:59:59,238067,236843.25,2924.6045031763474,0.4184326457375391,-0.4493518957287548,-1.06723342284281,hold
2024-08-20 13:59:59,238067.0000  ,236843.2500  ,2924.6045    ,0.4184       ,-0.4494      ,-1.0672      ,hold
2024-08-20 15:59:59,231692,236476.54166666666,2997.9229473400064,-1.5959521811298985,-1.3479742814931128,1.8047678187424623,hold
2024-08-20 15:59:59,231692.0000  ,236476.5417  ,2997.9229    ,-1.5960      ,-1.3480      ,1.8048       ,hold
2024-08-20 17:59:59,232944,236242.625,3047.070151052348,-1.0825563037532213,-1.3761781335261793,1.8996348384394377,hold
2024-08-20 17:59:59,232944.0000  ,236242.6250  ,3047.0702    ,-1.0826      ,-1.3762      ,1.8996       ,hold
2024-08-20 19:59:59,234117,235992.95833333334,2960.7582970989024,-0.6336073887461533,-1.374624361798897,1.8905707470449293,hold
2024-08-20 19:59:59,234117.0000  ,235992.9583  ,2960.7583    ,-0.6336      ,-1.3746      ,1.8906       ,hold
2024-08-20 21:59:59,231589,235731.16666666666,3063.3831633990103,-1.3521542835897389,-1.2812289846783536,1.449185366324384,hold
2024-08-20 21:59:59,231589.0000  ,235731.1667  ,3063.3832    ,-1.3522      ,-1.2812      ,1.4492       ,hold
2024-08-20 23:59:59,229740,235510.54166666666,3297.433112077123,-1.7500102262974093,-1.2009611001162521,1.169888152333133,hold
2024-08-20 23:59:59,229740.0000  ,235510.5417  ,3297.4331    ,-1.7500      ,-1.2010      ,1.1699       ,hold
2024-08-21 01:59:59,230027,235229.91666666666,3468.4514138364934,-1.5000690642258852,-1.5082502659631483,2.375136852473327,hold
2024-08-21 01:59:59,230027.0000  ,235229.9167  ,3468.4514    ,-1.5001      ,-1.5083      ,2.3751       ,hold
2024-08-21 03:59:59,229718,234889.125,3594.525587763484,-1.4386112641967523,-1.4525039674413682,2.3099023583514553,hold
2024-08-21 03:59:59,229718.0000  ,234889.1250  ,3594.5256    ,-1.4386      ,-1.4525      ,2.3099       ,hold
2024-08-21 05:59:59,229373,234601.79166666666,3751.6156285359048,-1.3937439717690991,-1.5949430656149393,2.8199384677224604,hold
2024-08-21 05:59:59,229373.0000  ,234601.7917  ,3751.6156    ,-1.3937      ,-1.5949      ,2.8199       ,hold
2024-08-21 07:59:59,230052,234387.75,3861.5862616962545,-1.1227898863757255,-1.6090952501980444,2.927527852151865,hold
2024-08-21 07:59:59,230052.0000  ,234387.7500  ,3861.5863    ,-1.1228      ,-1.6091      ,2.9275       ,hold
2024-08-21 09:59:59,228402,234234.33333333334,4026.702034588834,-1.448414430279265,-1.513930833914757,2.695015760187455,hold
2024-08-21 09:59:59,228402.0000  ,234234.3333  ,4026.7020    ,-1.4484      ,-1.5139      ,2.6950       ,hold
2024-08-21 11:59:59,228025,234035.83333333334,4214.110620147523,-1.4263586970393582,-1.4811695123382946,2.6439392356592917,hold
2024-08-21 11:59:59,228025.0000  ,234035.8333  ,4214.1106    ,-1.4264      ,-1.4812      ,2.6439       ,hold
2024-08-21 13:59:59,229562,233968.54166666666,4274.211506019325,-1.0309601339243444,-1.430483272391276,2.427862728546814,hold
2024-08-21 13:59:59,229562.0000  ,233968.5417  ,4274.2115    ,-1.0310      ,-1.4305      ,2.4279       ,hold
2024-08-21 15:59:59,230278,233876.20833333334,4331.008246698521,-0.8308015428223247,-1.5342820437712743,2.7643601353508203,hold
2024-08-21 15:59:59,230278.0000  ,233876.2083  ,4331.0082    ,-0.8308      ,-1.5343      ,2.7644       ,hold
2024-08-21 17:59:59,232327,233785.54166666666,4340.083318967426,-0.33606305673727643,-1.4268510373895793,2.503228362058014,hold
2024-08-21 17:59:59,232327.0000  ,233785.5417  ,4340.0833    ,-0.3361      ,-1.4269      ,2.5032       ,hold
2024-08-21 19:59:59,234164,233767.66666666666,4337.495807958501,0.09137376746420015,-1.3571982848037263,2.2778938670726605,hold
2024-08-21 19:59:59,234164.0000  ,233767.6667  ,4337.4958    ,0.0914       ,-1.3572      ,2.2779       ,hold
2024-08-21 21:59:59,233321,233685.875,4326.152495980449,-0.08434168706235291,-1.3478640528898322,2.4786019109640502,hold
2024-08-21 21:59:59,233321.0000  ,233685.8750  ,4326.1525    ,-0.0843      ,-1.3479      ,2.4786       ,hold
2024-08-21 23:59:59,232805,233502.29166666666,4263.083498036546,-0.1635650971855957,-1.3709127759058943,2.5339163195636596,hold
2024-08-21 23:59:59,232805.0000  ,233502.2917  ,4263.0835    ,-0.1636      ,-1.3709      ,2.5339       ,hold
2024-08-22 01:59:59,232510,233249.33333333334,4126.5572308777955,-0.179164686679039,-1.4652198632943132,2.8004287335547104,hold
2024-08-22 01:59:59,232510.0000  ,233249.3333  ,4126.5572    ,-0.1792      ,-1.4652      ,2.8004       ,hold
2024-08-22 03:59:59,231470,232907.66666666666,3905.371525683943,-0.3681254541883515,-1.5442208852955617,3.1246348340523493,hold
2024-08-22 03:59:59,231470.0000  ,232907.6667  ,3905.3715    ,-0.3681      ,-1.5442      ,3.1246       ,hold
2024-08-22 05:59:59,231777,232500.125,3446.852947917132,-0.20979281998002577,-1.5449367365645776,3.123519567536878,hold
2024-08-22 05:59:59,231777.0000  ,232500.1250  ,3446.8529    ,-0.2098      ,-1.5449      ,3.1235       ,hold
2024-08-22 07:59:59,233344,232190.70833333334,2972.9348327750804,0.3879303555369625,-0.24867034445698855,-0.7988040377124026,hold
2024-08-22 07:59:59,233344.0000  ,232190.7083  ,2972.9348    ,0.3879       ,-0.2487      ,-0.7988      ,hold
2024-08-22 09:59:59,232256,231888.95833333334,2534.1522290358635,0.14483804976716044,-0.052365433922455046,-0.8322115321342785,hold
2024-08-22 09:59:59,232256.0000  ,231888.9583  ,2534.1522    ,0.1448       ,-0.0524      ,-0.8322      ,hold
2024-08-22 11:59:59,233743,231720.95833333334,2244.015625752885,0.901081812203623,-0.044425188069078636,-0.8825260187326176,hold
2024-08-22 11:59:59,233743.0000  ,231720.9583  ,2244.0156    ,0.9011       ,-0.0444      ,-0.8825      ,hold
2024-08-22 13:59:59,231917,231464.70833333334,1793.820200363416,0.2521387966168659,0.13745922113962397,-1.1081637869312155,hold
2024-08-22 13:59:59,231917.0000  ,231464.7083  ,1793.8202    ,0.2521       ,0.1375       ,-1.1082      ,hold
2024-08-22 15:59:59,229950,231392.125,1819.2859400110017,-0.7926873771097682,0.11261290806518214,-1.0864586622269052,hold
2024-08-22 15:59:59,229950.0000  ,231392.1250  ,1819.2859    ,-0.7927      ,0.1126       ,-1.0865      ,hold
2024-08-22 17:59:59,230443,231287.91666666666,1798.034286964919,-0.4699113208196246,0.0887057023606148,-1.1088299816007565,hold
2024-08-22 17:59:59,230443.0000  ,231287.9167  ,1798.0343    ,-0.4699      ,0.0887       ,-1.1088      ,hold
2024-08-22 19:59:59,230673,231144.41666666666,1697.0245550903896,-0.277790126991738,0.023359869814594137,-1.1033339477848594,hold
2024-08-22 19:59:59,230673.0000  ,231144.4167  ,1697.0246    ,-0.2778      ,0.0234       ,-1.1033      ,hold
2024-08-22 21:59:59,232100,231165.70833333334,1706.0267717754355,0.5476418554055598,-0.12333547125945557,-1.2130652172604135,hold
2024-08-22 21:59:59,232100.0000  ,231165.7083  ,1706.0268    ,0.5476       ,-0.1233      ,-1.2131      ,hold
2024-08-22 23:59:59,232033,231261.25,1686.8107610156699,0.45752020193143095,-0.03849935827924379,-1.1920884259910807,hold
2024-08-22 23:59:59,232033.0000  ,231261.2500  ,1686.8108    ,0.4575       ,-0.0385      ,-1.1921      ,hold
2024-08-23 01:59:59,233420,231402.625,1720.7145333944147,1.1724053937176726,-0.20565863381008817,-1.1020169504149233,hold
2024-08-23 01:59:59,233420.0000  ,231402.6250  ,1720.7145    ,1.1724       ,-0.2057      ,-1.1020      ,hold
2024-08-23 03:59:59,233248,231549.70833333334,1721.3239211916546,0.9866194536417918,-0.2293450547991195,-1.067342578413128,hold
2024-08-23 03:59:59,233248.0000  ,231549.7083  ,1721.3239    ,0.9866       ,-0.2293      ,-1.0673      ,hold
2024-08-23 05:59:59,236711,231855.45833333334,1953.8731652833499,2.4850853949685665,0.23086765914957544,-0.4724816681431152,hold
2024-08-23 05:59:59,236711.0000  ,231855.4583  ,1953.8732    ,2.4851       ,0.2309       ,-0.4725      ,hold
2024-08-23 07:59:59,236228,232112.79166666666,2106.7452329242624,1.9533488288098502,0.34541615588654734,-0.48270339631315506,hold
2024-08-23 07:59:59,236228.0000  ,232112.7917  ,2106.7452    ,1.9533       ,0.3454       ,-0.4827      ,hold
2024-08-23 09:59:59,235987,232428.83333333334,2094.7654775169617,1.6985990579166617,0.5316762537906176,-0.032024084642870765,hold
2024-08-23 09:59:59,235987.0000  ,232428.8333  ,2094.7655    ,1.6986       ,0.5317       ,-0.0320      ,hold
2024-08-23 11:59:59,234697,232706.83333333334,1920.3825630341216,1.036338646775817,0.7444841378605583,0.38364893785292997,hold
2024-08-23 11:59:59,234697.0000  ,232706.8333  ,1920.3826    ,1.0363       ,0.7445       ,0.3836       ,hold
2024-08-23 13:59:59,235275,232944.875,1866.950112570162,1.2480917322382021,0.617618055829904,0.3364192143371181,hold
2024-08-23 13:59:59,235275.0000  ,232944.8750  ,1866.9501    ,1.2481       ,0.6176       ,0.3364       ,hold
2024-08-23 15:59:59,236354,233198.04166666666,1901.2379600662034,1.6599491487238391,0.4480731359625738,0.13156925532636743,hold
2024-08-23 15:59:59,236354.0000  ,233198.0417  ,1901.2380    ,1.6599       ,0.4481       ,0.1316       ,hold
2024-08-23 17:59:59,241271,233570.70833333334,2504.075330148335,3.0751038413091636,0.9034391918421558,0.7949615850732528,hold
2024-08-23 17:59:59,241271.0000  ,233570.7083  ,2504.0753    ,3.0751       ,0.9034       ,0.7950       ,hold
2024-08-23 19:59:59,242561,233920.58333333334,3105.076445417006,2.782674378088062,0.782373419499497,0.7772633264805355,hold
2024-08-23 19:59:59,242561.0000  ,233920.5833  ,3105.0764    ,2.7827       ,0.7824       ,0.7773       ,hold
2024-08-23 21:59:59,244615,234391.16666666666,3790.4386194127437,2.6972691975466763,0.6231988126709143,0.41124924657849915,hold
2024-08-23 21:59:59,244615.0000  ,234391.1667  ,3790.4386    ,2.6973       ,0.6232       ,0.4112       ,hold
2024-08-23 23:59:59,243780,234848.45833333334,4227.5816087992,2.1126834424855887,0.7821734740062772,0.5186473879785773,hold
2024-08-23 23:59:59,243780.0000  ,234848.4583  ,4227.5816    ,2.1127       ,0.7822       ,0.5186       ,hold
2024-08-24 01:59:59,242926,235282.45833333334,4502.772150760667,1.6975190861868086,0.794752216819036,0.573248020079312,hold
2024-08-24 01:59:59,242926.0000  ,235282.4583  ,4502.7722    ,1.6975       ,0.7948       ,0.5732       ,hold
2024-08-24 03:59:59,241839,235714.5,4617.064623668325,1.326492154474978,0.945665481793859,0.70457268468475,hold
2024-08-24 03:59:59,241839.0000  ,235714.5000  ,4617.0646    ,1.3265       ,0.9457       ,0.7046       ,hold
2024-08-24 05:59:59,242610,236165.875,4743.195770166929,1.3586040535225916,0.9921731590392588,0.9522262992725299,hold
2024-08-24 05:59:59,242610.0000  ,236165.8750  ,4743.1958    ,1.3586       ,0.9922       ,0.9522       ,hold
2024-08-24 07:59:59,242746,236557.625,4886.110187695657,1.2665238323081094,1.2471893876415225,1.3855298735999781,hold
2024-08-24 07:59:59,242746.0000  ,236557.6250  ,4886.1102    ,1.2665       ,1.2472       ,1.3855       ,hold
2024-08-24 09:59:59,244230,237056.54166666666,5036.782124739991,1.4242145392984717,1.1375213937680348,1.1312046591536529,hold
2024-08-24 09:59:59,244230.0000  ,237056.5417  ,5036.7821    ,1.4242       ,1.1375       ,1.1312       ,hold
2024-08-24 11:59:59,242625,237426.625,5108.526953620616,1.0175878579471338,1.0096766956152885,0.8072614641681057,hold
2024-08-24 11:59:59,242625.0000  ,237426.6250  ,5108.5270    ,1.0176       ,1.0097       ,0.8073       ,hold
2024-08-24 13:59:59,242808,237880.41666666666,5081.479927503588,0.9697142178330219,1.1428642070020565,1.0792143318069156,hold
2024-08-24 13:59:59,242808.0000  ,237880.4167  ,5081.4799    ,0.9697       ,1.1429       ,1.0792       ,hold
2024-08-24 15:59:59,242919,238420.79166666666,4887.342880642774,0.9203791187128143,1.1343029118101764,1.0833466049709815,hold
2024-08-24 15:59:59,242919.0000  ,238420.7917  ,4887.3429    ,0.9204       ,1.1343       ,1.0833       ,hold
2024-08-24 17:59:59,244895,239022.95833333334,4750.0502100700905,1.2362062308768755,1.0725809918407943,0.855451562741409,hold
2024-08-24 17:59:59,244895.0000  ,239022.9583  ,4750.0502    ,1.2362       ,1.0726       ,0.8555       ,hold
2024-08-24 19:59:59,245726,239650.16666666666,4590.70927234418,1.3235064502855798,1.0031374083340756,0.8093166585982088,hold
2024-08-24 19:59:59,245726.0000  ,239650.1667  ,4590.7093    ,1.3235       ,1.0031       ,0.8093       ,hold
2024-08-24 21:59:59,241106,240025.41666666666,4305.96653712485,0.25095023939848415,0.019012485503848778,1.9092161350892285,hold
2024-08-24 21:59:59,241106.0000  ,240025.4167  ,4305.9665    ,0.2510       ,0.0190       ,1.9092       ,hold
2024-08-24 23:59:59,243595,240507.16666666666,4009.4681818724566,0.7701353878536824,-0.13126694603151606,1.4574937078609427,hold
2024-08-24 23:59:59,243595.0000  ,240507.1667  ,4009.4682    ,0.7701       ,-0.1313      ,1.4575       ,hold
2024-08-25 01:59:59,242776,240897.0,3735.9394371776393,0.502952478646044,-0.09434613227389972,1.3332803544438292,hold
2024-08-25 01:59:59,242776.0000  ,240897.0000  ,3735.9394    ,0.5030       ,-0.0943      ,1.3333       ,hold
2024-08-25 03:59:59,243199,241311.625,3385.921425068425,0.5574184285631669,-0.20477557564220822,1.7026243163046058,hold
2024-08-25 03:59:59,243199.0000  ,241311.6250  ,3385.9214    ,0.5574       ,-0.2048      ,1.7026       ,hold
2024-08-25 05:59:59,243231,241583.29166666666,3259.965677055195,0.5054373255922613,-0.15933640392123588,1.6748812438925098,hold
2024-08-25 05:59:59,243231.0000  ,241583.2917  ,3259.9657    ,0.5054       ,-0.1593      ,1.6749       ,hold
2024-08-25 07:59:59,241412,241799.29166666666,3055.003742673946,-0.12677289433618602,0.0023777602901857817,1.2329386876026245,hold
2024-08-25 07:59:59,241412.0000  ,241799.2917  ,3055.0037    ,-0.1268      ,0.0024       ,1.2329       ,hold
2024-08-25 09:59:59,242491,242070.29166666666,2794.3517795280845,0.15055668238176978,-0.9663553766152414,1.3039403325434735,hold
2024-08-25 09:59:59,242491.0000  ,242070.2917  ,2794.3518    ,0.1506       ,-0.9664      ,1.3039       ,hold
2024-08-25 11:59:59,242157,242381.125,2311.7517790717884,-0.0969502876688562,-0.8793308366484563,1.3499738850228828,hold
2024-08-25 11:59:59,242157.0000  ,242381.1250  ,2311.7518    ,-0.0970      ,-0.8793      ,1.3500       ,hold
2024-08-25 13:59:59,243263,242713.95833333334,1751.254618071543,0.3135133298156575,-0.9808585953573214,1.6615124999957542,hold
2024-08-25 13:59:59,243263.0000  ,242713.9583  ,1751.2546    ,0.3135       ,-0.9809      ,1.6615       ,hold
2024-08-25 15:59:59,243250,243001.29166666666,1111.1168090726744,0.22383635213017092,-1.0753155546786253,1.8969632334896556,hold
2024-08-25 15:59:59,243250.0000  ,243001.2917  ,1111.1168    ,0.2238       ,-1.0753      ,1.8970       ,hold
2024-08-25 17:59:59,243887,243110.29166666666,1061.1884018747105,0.7319231269030071,-1.2240789276346737,2.2005803904122745,hold
2024-08-25 17:59:59,243887.0000  ,243110.2917  ,1061.1884    ,0.7319       ,-1.2241      ,2.2006       ,hold
2024-08-25 19:59:59,243385,243144.625,1055.9609599370056,0.22763625656609485,-1.3054400751963686,2.5247115966147566,hold
2024-08-25 19:59:59,243385.0000  ,243144.6250  ,1055.9610    ,0.2276       ,-1.3054      ,2.5247       ,hold
2024-08-25 21:59:59,244604,243144.16666666666,1055.2971832263997,1.3833386050270122,-1.2984767034276108,2.420202676578005,hold
2024-08-25 21:59:59,244604.0000  ,243144.1667  ,1055.2972    ,1.3833       ,-1.2985      ,2.4202       ,hold
2024-08-25 23:59:59,241731,243058.79166666666,1084.110975353584,-1.2247746742288963,-1.029108751783684,0.9766184553456538,hold
2024-08-25 23:59:59,241731.0000  ,243058.7917  ,1084.1110    ,-1.2248      ,-1.0291      ,0.9766       ,hold
2024-08-26 01:59:59,241399,242995.16666666666,1135.818826131679,-1.4053004140658683,-0.9766323034945862,1.0795942788432056,hold
2024-08-26 01:59:59,241399.0000  ,242995.1667  ,1135.8188    ,-1.4053      ,-0.9766      ,1.0796       ,hold
2024-08-26 03:59:59,241170,242967.29166666666,1173.0266492819255,-1.5321831501158807,-1.1343495856191461,1.6073492591187586,hold
2024-08-26 03:59:59,241170.0000  ,242967.2917  ,1173.0266    ,-1.5322      ,-1.1343      ,1.6073       ,hold
2024-08-26 05:59:59,241145,242906.25,1229.2003144490025,-1.4328421326425487,-1.1167463610677928,1.5892346152029146,hold
2024-08-26 05:59:59,241145.0000  ,242906.2500  ,1229.2003    ,-1.4328      ,-1.1167      ,1.5892       ,hold
2024-08-26 07:59:59,240178,242799.25,1349.6273318144767,-1.9422028127393642,-0.998621837982898,1.3190866399530652,hold
2024-08-26 07:59:59,240178.0000  ,242799.2500  ,1349.6273    ,-1.9422      ,-0.9986      ,1.3191       ,hold
2024-08-26 09:59:59,240766,242654.91666666666,1374.953751527171,-1.3738037839953696,-1.1275846943638221,1.7076493039872567,hold
2024-08-26 09:59:59,240766.0000  ,242654.9167  ,1374.9538    ,-1.3738      ,-1.1276      ,1.7076       ,hold
2024-08-26 11:59:59,240544,242568.20833333334,1440.955057053253,-1.4047685411319075,-1.0808011048526347,1.7748591670897031,hold
2024-08-26 11:59:59,240544.0000  ,242568.2083  ,1440.9551    ,-1.4048      ,-1.0808      ,1.7749       ,hold
2024-08-26 13:59:59,239787,242442.33333333334,1547.1352956953976,-1.7162903210348122,-0.20248849446702036,0.8200705979257901,hold
2024-08-26 13:59:59,239787.0000  ,242442.3333  ,1547.1353    ,-1.7163      ,-0.2025      ,0.8201       ,hold
2024-08-26 15:59:59,239282,242290.79166666666,1671.536314400741,-1.8000157344743852,-0.8197607083183098,0.956417797704177,hold
2024-08-26 15:59:59,239282.0000  ,242290.7917  ,1671.5363    ,-1.8000      ,-0.8198      ,0.9564       ,hold
2024-08-26 17:59:59,236866,241956.25,1913.6035037497575,-2.6600338001187387,-0.8085332310032428,0.22011769968822215,hold
2024-08-26 17:59:59,236866.0000  ,241956.2500  ,1913.6035    ,-2.6600      ,-0.8085      ,0.2201       ,hold
2024-08-26 19:59:59,235651,241536.45833333334,2142.1135840291545,-2.747500588770479,-0.6119225538518664,-0.053055404181657995,hold
2024-08-26 19:59:59,235651.0000  ,241536.4583  ,2142.1136    ,-2.7475      ,-0.6119      ,-0.0531      ,hold
2024-08-26 21:59:59,235972,241322.54166666666,2424.679431597646,-2.206700645429706,-0.6290152600595335,-0.09386332692599186,hold
2024-08-26 21:59:59,235972.0000  ,241322.5417  ,2424.6794    ,-2.2067      ,-0.6290      ,-0.0939      ,hold
2024-08-26 23:59:59,235553,240987.45833333334,2642.8527238432653,-2.0562849697619527,-0.7914363341202824,0.5271587605401744,hold
2024-08-26 23:59:59,235553.0000  ,240987.4583  ,2642.8527    ,-2.0563      ,-0.7914      ,0.5272       ,hold
2024-08-27 01:59:59,235492,240683.95833333334,2839.457303921891,-1.8285037518127676,-0.8747216001820601,0.8428616168859886,hold
2024-08-27 01:59:59,235492.0000  ,240683.9583  ,2839.4573    ,-1.8285      ,-0.8747      ,0.8429       ,hold
2024-08-27 03:59:59,236032,240385.33333333334,2938.595829520228,-1.4814331694073402,-0.9198524845273229,0.7332099062045767,hold
2024-08-27 03:59:59,236032.0000  ,240385.3333  ,2938.5958    ,-1.4814      ,-0.9199      ,0.7332       ,hold
2024-08-27 05:59:59,236956,240123.875,2953.5152425612823,-1.072577840245993,-0.9694808763609569,0.7862495547290491,hold
2024-08-27 05:59:59,236956.0000  ,240123.8750  ,2953.5152    ,-1.0726      ,-0.9695      ,0.7862       ,hold
2024-08-27 07:59:59,236259,239909.16666666666,3041.7843971654147,-1.2000083470965868,-0.8651528439338871,0.6416819422856919,hold
2024-08-27 07:59:59,236259.0000  ,239909.1667  ,3041.7844    ,-1.2000      ,-0.8652      ,0.6417       ,hold
2024-08-27 09:59:59,234949,239594.91666666666,3151.0779372565667,-1.4743896403627346,-0.6762935074104848,0.3799095897651492,hold
2024-08-27 09:59:59,234949.0000  ,239594.9167  ,3151.0779    ,-1.4744      ,-0.6763      ,0.3799       ,hold
2024-08-27 11:59:59,230753,239119.75,3578.7424224279503,-2.3379022607398747,-1.1792410154391963,1.2614931445579414,hold
2024-08-27 11:59:59,230753.0000  ,239119.7500  ,3578.7424    ,-2.3379      ,-1.1792      ,1.2615       ,hold
2024-08-27 13:59:59,229377,238541.16666666666,3979.7890884322537,-2.3026764642637554,-1.2242889600757745,1.343765410039845,hold
2024-08-27 13:59:59,229377.0000  ,238541.1667  ,3979.7891    ,-2.3027      ,-1.2243      ,1.3438       ,hold
2024-08-27 15:59:59,226531,237844.54166666666,4543.101344266289,-2.490268389223836,-1.2217698581304128,1.2537167534192735,hold
2024-08-27 15:59:59,226531.0000  ,237844.5417  ,4543.1013    ,-2.4903      ,-1.2218      ,1.2537       ,hold
2024-08-27 17:59:59,227255,237151.54166666666,4840.121360130968,-2.0446887444158772,-1.1488899890014925,1.0122279604435311,hold
2024-08-27 17:59:59,227255.0000  ,237151.5417  ,4840.1214    ,-2.0447      ,-1.1489      ,1.0122       ,hold
2024-08-27 19:59:59,227025,236469.875,5070.608387410466,-1.8626709614274608,-1.1481380926289069,1.0129799232631216,hold
2024-08-27 19:59:59,227025.0000  ,236469.8750  ,5070.6084    ,-1.8627      ,-1.1481      ,1.0130       ,hold
2024-08-27 21:59:59,218845,235396.58333333334,5927.753096693696,-2.7922187485449195,-2.18222500161163,4.9509448226126995,buy
2024-08-27 21:59:59,218845.0000  ,235396.5833  ,5927.7531    ,-2.7922      ,-2.1822      ,4.9509       ,buy
2024-08-27 23:59:59,215997,234324.33333333334,6968.268524668357,-2.630112956820303,-1.947092190989948,3.990197734773818,buy
2024-08-27 23:59:59,215997.0000  ,234324.3333  ,6968.2685    ,-2.6301      ,-1.9471      ,3.9902       ,buy
2024-08-28 01:59:59,214574,233206.625,7876.348347301775,-2.3656425767891585,-1.9414887488742711,4.105347781393608,buy
2024-08-28 01:59:59,214574.0000  ,233206.6250  ,7876.3483    ,-2.3656      ,-1.9415      ,4.1053       ,buy
